feature_id	display_label	axis	proposed_figure_family	n_populations	n_positive_populations	n_negative_populations	directional_coherence_fraction	n_high_or_moderate_populations	top_population_by_composite_score	top_population_composite_score	top_population_evidence_class	top_population_mean_gene_log2FC	top_population_gene_direction_coherence	top_population_hedges_g	top_population_variance_sensitive_g	top_to_second_score_ratio	cellular_localization_class	median_mean_gene_log2FC	median_gene_direction_coherence	median_composite_score	top_refined_subtype	top_refined_subtype_composite_score	top_refined_subtype_mean_gene_log2FC	top_refined_subtype_gene_direction_coherence	top_refined_subtype_hedges_g	top_refined_subtype_variance_sensitive_g
NEUTROPHIL_NETOSIS_ANCHOR	Neutrophil and NETosis anchor	immune_context_anchors	Integrated_network	6	6	0	1.0	6	T_cell	0.9396632762801288	high_cellular_localization_support	2.2629893426907564	1.0	1.3966327628012878	False	1.0221484325957229	coherent_pan_immune_higher_in_UPEC	1.8580860346198596	0.9285714285714286	0.9058165077022238	IL2RA_TNFRSF18_regulatory_type2_like_T	1.0	2.7394975223563014	1.0	2.414860830262006	False
PREGNANCY_INFLAMMATION_ANCHOR	Pregnancy-associated inflammation anchor	immune_context_anchors	Integrated_network	6	6	0	1.0	6	NK_cell	1.0	high_cellular_localization_support	1.3213817480626129	1.0	3.4885634486459174	False	1.043839165032452	coherent_pan_immune_higher_in_UPEC	1.5055883491329987	0.9166666666666666	0.904820632171359	IL2RA_TNFRSF18_regulatory_type2_like_T	1.0	1.577525085299318	1.0	2.1190569745049324	False
AROMATIC_AMINO_ACID_METABOLISM	Aromatic amino-acid metabolism	amino_acid_metabolism	Figure_9	6	1	5	0.8333333333333334	6	neutrophil	1.0	high_cellular_localization_support	-2.2877228970698438	1.0	-6.249366124213378	True	1.0575823199731118	coherent_pan_immune_lower_in_UPEC	-0.9713756452963866	0.9166666666666667	0.9027753870680064	CD83_CLEC10A_activated_dendritic	1.0	-0.7416996362781836	1.0	-3.510368600383156	False
ADIPOKINE_INFLAMMATORY_AXIS	Inflammatory adipokine axis	adipokine_signaling	Figure_8	6	6	0	1.0	6	cycling_immune	0.9189044909267039	high_cellular_localization_support	1.2941372095331671	0.9	1.8890449092670396	False	1.0242673546870764	coherent_pan_immune_higher_in_UPEC	1.399769878858939	0.8500000000000001	0.8580586306163489	RETNLA_MRC1_reparative_macrophage	0.9986731811263018	1.9146812489542584	1.0	1.9867318112630172	False
CHOLESTEROL_BIOSYNTHESIS	Cholesterol biosynthesis	steroid_cholesterol_endocrine	Figure_7	6	0	6	1.0	6	neutrophil	0.9805630282923016	high_cellular_localization_support	-1.249981753937132	1.0	-1.8056302829230149	False	1.0839110326199157	coherent_pan_immune_lower_in_UPEC	-0.5230995833321606	0.9166666666666667	0.8490690564605092	IL1B_CXCL2_inflammatory_neutrophil	1.0	-1.2577976157661028	1.0	-2.4557014540201294	False
COMPLEMENT_C3A_C5A_SIGNALING	C3a and C5a inflammatory signaling	complement_architecture	Figure_10	6	6	0	1.0	6	dendritic	0.9278208818577898	high_cellular_localization_support	1.4456316301814405	1.0	1.2782088185778977	False	1.0071325105096125	coherent_pan_immune_higher_in_UPEC	1.2658530747506478	0.9	0.8356217599581712	XCR1_CLEC9A_cDC1_like	0.9610119971250682	1.4729075525075164	1.0	1.610119971250682	False
LACTATE_HIF1A_INFLAMMATORY_GLYCOLYSIS	Lactate and HIF1A inflammatory glycolysis	carbohydrate_inflammatory_carbon	Figure_8	6	6	0	1.0	6	T_cell	0.9066666666666667	high_cellular_localization_support	0.5491715207504146	0.8666666666666667	2.504419866969952	False	1.029493087075411	coherent_pan_immune_higher_in_UPEC	0.6100590778141987	0.8666666666666667	0.8163199129189733	RETNLA_MRC1_reparative_macrophage	0.9533333333333331	0.5547509026392047	0.9333333333333332	3.0962651498953804	False
SERINE_GLYCINE_ONE_CARBON	Serine, glycine and one-carbon metabolism	amino_acid_metabolism	Figure_9	6	3	3	0.5	6	cycling_immune	0.9461538461538463	high_cellular_localization_support	0.859683862541839	0.9230769230769232	5.770176508571884	True	1.0603448275862073	branch_divergent	0.0729319808971289	0.8461538461538461	0.7319118011367285	MKI67_TOP2A_cycling_immune	0.9461538461538463	0.859683862541839	0.9230769230769232	5.770176508571884	True
RESISTIN_INFLAMMATORY_SIGNALING	Resistin-associated inflammatory signaling	adipokine_signaling	Figure_8	6	6	0	1.0	5	dendritic	0.9457963492822872	high_cellular_localization_support	0.8359262268328262	1.0	1.4579634928228706	False	1.0100737710781709	coherent_pan_immune_higher_in_UPEC	0.8995801652591491	0.8636363636363638	0.8749451854875221	conventional_activated_T	0.9394106428079102	0.9010004453218876	1.0	1.3941064280791018	False
GLUCOCORTICOID_RESPONSE	Glucocorticoid response	steroid_cholesterol_endocrine	Figure_7	6	6	0	1.0	5	cycling_immune	0.8705042207265414	high_cellular_localization_support	0.7891779966637923	0.9090909090909092	1.341405843629051	False	1.0094375415189458	coherent_pan_immune_higher_in_UPEC	0.47359877230360903	0.8636363636363638	0.8395815641406486	IL2RA_TNFRSF18_regulatory_type2_like_T	0.9363636363636363	0.5075724935559013	0.9090909090909092	2.540650546006605	False
ARGININE_NO_UREA	Arginine, nitric oxide and urea coupling	amino_acid_metabolism	Figure_9	6	6	0	1.0	5	macrophage_monocyte	0.8833333333333333	high_cellular_localization_support	1.1944398858663334	0.8333333333333334	2.509679921925463	False	1.0	coherent_pan_immune_higher_in_UPEC	0.8050226128806777	0.75	0.8216453390282911	C1Q_APOE_resident_macrophage	0.8833333333333333	1.135871711923663	0.8333333333333334	3.2043672350596046	False
NFKB_MAPK_INFLAMMATION_ANCHOR	NF-kB and MAPK inflammation anchor	immune_context_anchors	Integrated_network	6	6	0	1.0	5	dendritic	0.9508700465031051	high_cellular_localization_support	0.8304197855213226	1.0	1.5087004650310512	False	1.0487537277607777	coherent_pan_immune_higher_in_UPEC	0.7185233992043398	0.8333333333333334	0.8027326000740744	conventional_activated_T	0.9511101167124609	0.9119077059810908	1.0	1.5111011671246088	False
GLUCOSE_TRANSPORT	Glucose transport	carbohydrate_inflammatory_carbon	Figure_8	6	5	1	0.8333333333333334	5	cycling_immune	0.8833333333333333	high_cellular_localization_support	0.960770474136204	0.8333333333333334	3.516225051743609	False	1.079152818769095	coherent_pan_immune_higher_in_UPEC	0.5336361334469262	0.8333333333333334	0.7767723328854339	CD209A_CLEC10A_cDC2_like	0.8833333333333333	0.9222284697380948	0.8333333333333334	2.017955070673312	False
COMPLEMENT_COAGULATION_CROSSTALK	Complement-coagulation crosstalk	complement_architecture	Figure_10	6	5	1	0.8333333333333334	5	T_cell	0.8600000000000001	high_cellular_localization_support	1.3070742184462008	0.8	3.252635181700805	False	1.0	coherent_pan_immune_higher_in_UPEC	0.9853277960437672	0.75	0.7729665846484797	IL2RA_TNFRSF18_regulatory_type2_like_T	0.9299999999999999	1.3601478507158968	0.9	4.320113873544996	False
PURINE_DE_NOVO_SYNTHESIS	De novo purine synthesis	nucleotide_nad_nitrogen	Figure_9	6	3	3	0.5	5	neutrophil	0.9353523124856934	high_cellular_localization_support	-0.9256592901109728	0.9090909090909092	-1.9898867612205704	False	1.1552672776563566	branch_divergent	-0.014270861971819232	0.8636363636363638	0.6507368394028884	IL1B_CXCL2_inflammatory_neutrophil	0.8603872277915816	-0.8389116878446711	0.8181818181818182	-1.876599550643089	False
GLYCOGEN_SYNTHESIS	Glycogen synthesis	carbohydrate_inflammatory_carbon	Figure_8	6	6	0	1.0	4	neutrophil	0.8999999999999999	high_cellular_localization_support	0.8963744202790921	0.8571428571428571	2.610410898595803	False	1.0	coherent_pan_immune_higher_in_UPEC	0.5834206058409266	0.7857142857142857	0.7577722566639508	LY6C2_VCAN_inflammatory_monocyte	0.8427235156616595	0.5761876415398677	0.8571428571428571	1.4272351566165955	False
NITRIC_OXIDE_SYNTHESIS_REGULATION	Nitric-oxide synthesis and regulation	nucleotide_nad_nitrogen	Figure_9	6	5	1	0.8333333333333334	4	cycling_immune	0.8833333333333333	high_cellular_localization_support	0.9619739134471303	0.8333333333333334	5.491838149233155	True	1.0707070707070707	coherent_pan_immune_higher_in_UPEC	0.7872424202685104	0.6666666666666666	0.7359301941095275	MKI67_TOP2A_cycling_immune	0.8833333333333333	0.9619739134471303	0.8333333333333334	5.491838149233155	True
LIPID_DROPLET_DYNAMICS	Lipid-droplet dynamics	lipid_metabolism	Figure_7	6	5	1	0.8333333333333334	4	NK_cell	0.8161036539060644	high_cellular_localization_support	0.4943824585706599	0.8461538461538461	1.2885174888477824	False	1.0637011980875455	coherent_pan_immune_higher_in_UPEC	0.41655729944977554	0.7307692307692308	0.6941279149295482	cytotoxic_NK	0.8923076923076922	0.8607030938906919	0.8461538461538461	3.72775860538995	False
AMPK_INSULIN_COUNTERREGULATION	AMPK counter-regulation of insulin signaling	insulin_irs_signaling	Figure_8	6	5	1	0.8333333333333334	4	cycling_immune	0.7691138768870704	high_cellular_localization_support	0.6520682333127482	0.7777777777777778	1.2466943244262598	False	1.0031920133309615	coherent_pan_immune_higher_in_UPEC	0.19702710351394329	0.7222222222222222	0.6794144398102083	XCR1_CLEC9A_cDC1_like	0.920275854252	0.4978373689219755	0.8888888888888888	2.339099442353285	False
GLUTAMINE_GLUTAMATE	Glutamine and glutamate metabolism	amino_acid_metabolism	Figure_9	6	5	1	0.8333333333333334	4	neutrophil	0.8727272727272728	high_cellular_localization_support	-0.5348389171303277	0.8181818181818182	-4.675589565490406	False	1.0091810207889491	coherent_pan_immune_higher_in_UPEC	0.19404549066288523	0.7272727272727273	0.6334162748029635	cytotoxic_NK	0.7651856125894984	0.5546696832330362	0.8181818181818182	0.9245833986222558	False
TRYPTOPHAN_KYNURENINE	Tryptophan-kynurenine metabolism	amino_acid_metabolism	Figure_9	6	3	3	0.5	4	neutrophil	1.0	high_cellular_localization_support	-2.043968676420397	1.0	-5.7744701807595655	True	1.25	myeloid_dominant	-0.10659658678511814	0.7142857142857143	0.6182113998672424	IL1B_CXCL2_inflammatory_neutrophil	1.0	-1.755436159352326	1.0	-2.90026993290054	False
PURINE_DEGRADATION_URATE	Purine degradation and urate	nucleotide_nad_nitrogen	Figure_9	6	5	1	0.8333333333333334	4	dendritic	0.8212816545160135	high_cellular_localization_support	0.4254675348539326	0.8888888888888888	1.6613865092525206	False	1.0290580040474369	coherent_pan_immune_higher_in_UPEC	0.3317051562508122	0.7222222222222222	0.6039130221458069	IL2RA_TNFRSF18_regulatory_type2_like_T	1.0	0.8722132119087601	1.0	2.1825513782233394	False
FATTY_ACID_SYNTHESIS	Fatty-acid synthesis	lipid_metabolism	Figure_7	6	4	2	0.6666666666666666	4	cycling_immune	0.7631681335560592	high_cellular_localization_support	0.3729747157858201	0.8333333333333334	1.9415755601548783	False	1.0363226332484727	branch_divergent	0.255101748627244	0.75	0.599043191686778	IL2RA_TNFRSF18_regulatory_type2_like_T	0.825	0.6417633274224367	0.75	2.549043189743969	False
INSULIN_RECEPTOR_IRS	Insulin receptor and IRS signaling	insulin_irs_signaling	Figure_8	6	5	1	0.8333333333333334	4	T_cell	0.8693166047837484	high_cellular_localization_support	0.4714131026086342	0.9411764705882352	1.3622128302421304	False	1.191153873390666	coherent_pan_immune_higher_in_UPEC	0.2492821142128324	0.7941176470588235	0.5514962533574639	IL2RA_TNFRSF18_regulatory_type2_like_T	0.9303403013747025	0.5318475986751556	0.9411764705882352	1.7151677196293778	False
PURINE_SALVAGE	Purine salvage	nucleotide_nad_nitrogen	Figure_9	6	6	0	1.0	4	T_cell	0.9299999999999999	high_cellular_localization_support	0.5347631020835102	0.9	4.547137271715694	False	1.383527117134381	coherent_pan_immune_higher_in_UPEC	0.35273556854419746	0.7	0.5372904751301166	IL2RA_TNFRSF18_regulatory_type2_like_T	0.9299999999999999	0.7164471204267433	0.9	37.63524140274491	True
PYRIMIDINE_DEGRADATION	Pyrimidine degradation	nucleotide_nad_nitrogen	Figure_9	6	2	4	0.6666666666666666	4	cycling_immune	0.8014259665282494	high_cellular_localization_support	0.6199227431280513	0.8571428571428571	1.0142596652824942	False	1.0017824581603116	branch_divergent	-0.20291113849079245	0.7142857142857143	0.5344432710626708	XCR1_CLEC9A_cDC1_like	0.9184927638340918	0.6931277508565625	1.0	1.1849276383409182	False
OXIDATIVE_STRESS_NRF2_ANCHOR	Oxidative stress and NRF2 anchor	immune_context_anchors	Integrated_network	6	5	1	0.8333333333333334	4	dendritic	0.5742616150588747	moderate_cellular_localization_support	0.3324778959652891	0.6923076923076923	1.4041612407472996	False	1.0361423175012343	coherent_pan_immune_higher_in_UPEC	0.33459805761302674	0.6923076923076923	0.5315888572201952	cytotoxic_NK	0.8384615384615386	0.5281559436584725	0.7692307692307693	5.309116426965942	True
ANDROGEN_RECEPTOR_SIGNALING	Androgen receptor signaling	steroid_cholesterol_endocrine	Figure_7	6	5	1	0.8333333333333334	4	dendritic	0.7522665387792156	moderate_cellular_localization_support	0.3460989569655788	1.0	0.9077747751019462	False	1.120881495322932	coherent_pan_immune_higher_in_UPEC	0.29024285029465485	0.75	0.5273151472719526	CD209A_CLEC10A_cDC2_like	0.905925786574989	0.5634951837745799	1.0	1.059257865749889	False
ESTROGEN_RECEPTOR_RESPONSE	Estrogen receptor response	steroid_cholesterol_endocrine	Figure_7	6	5	1	0.8333333333333334	3	T_cell	0.9347252422830536	high_cellular_localization_support	0.5995653464922264	1.0	1.3472524228305358	False	1.1052238906992213	multi_compartment_contextual	0.48174111392441216	0.8333333333333333	0.7619966448864294	IL2RA_TNFRSF18_regulatory_type2_like_T	0.922222222222222	0.6946534826009794	0.8888888888888888	2.1120609100211207	False
AMINO_ACID_TRANSPORT	Amino-acid transport	amino_acid_metabolism	Figure_9	6	5	1	0.8333333333333334	3	dendritic	0.9363636363636363	high_cellular_localization_support	1.073834052736299	0.9090909090909092	3.119946733734381	False	1.0881442778666055	multi_compartment_contextual	0.7160872878042566	0.6818181818181819	0.7330851306969386	cytotoxic_NK	0.9854396343975395	0.8101399070771521	1.0	1.8543963439753943	False
FERROPTOSIS_LIPID_PEROXIDATION	Ferroptosis-linked lipid peroxidation	lipid_metabolism	Figure_7	6	5	1	0.8333333333333334	3	NK_cell	0.9066666666666667	high_cellular_localization_support	0.6788350798425402	0.8666666666666667	28.218150045310868	True	1.1158111410082188	multi_compartment_contextual	0.6369985718256788	0.6666666666666666	0.6590706961577446	conventional_activated_T	0.8229687123352216	0.6104147590392829	0.8666666666666667	1.1630204566855495	False
AGE_RAGE_SIGNALING	AGE-RAGE signaling	carbohydrate_inflammatory_carbon	Figure_8	6	6	0	1.0	3	dendritic	0.8959004553633405	high_cellular_localization_support	0.9356524426606432	0.9285714285714286	1.459004553633405	False	1.1768941157241655	multi_compartment_contextual	0.7716920894843162	0.6785714285714286	0.652058303014643	XCR1_CLEC9A_cDC1_like	0.8707322046217116	0.9750686753981852	0.9285714285714286	1.207322046217116	False
PYRIMIDINE_SYNTHESIS	Pyrimidine synthesis	nucleotide_nad_nitrogen	Figure_9	6	2	4	0.6666666666666666	3	neutrophil	0.9932852582011542	high_cellular_localization_support	-0.8018138130110912	1.0	-1.9328525820115416	False	1.102659276723873	branch_divergent	-0.2464700310877645	0.8636363636363638	0.6072363757540762	C1Q_APOE_resident_macrophage	0.9288610533395996	-0.528500721209927	0.9090909090909092	-1.9249741697596328	False
ADRENERGIC_STRESS_SIGNALING	Adrenergic stress signaling	catecholamine_stress_adjacent	Figure_9	6	2	4	0.6666666666666666	3	neutrophil	0.8600000000000001	high_cellular_localization_support	-1.295450653755936	0.8	-4.467637851059709	False	1.1742115444641883	branch_divergent	-0.123344554107055	0.7	0.5630817784925259	PF4_MRC1_C1Q_macrophage	1.0	-1.3402548790385207	1.0	-3.789126002546555	False
ESTROGEN_BIOSYNTHESIS	Estrogen biosynthesis and interconversion	steroid_cholesterol_endocrine	Figure_7	6	2	4	0.6666666666666666	3	neutrophil	0.8935311866208355	high_cellular_localization_support	-1.0798753610072345	1.0	-0.9353118662083548	False	1.4203316716638839	myeloid_dominant	-0.1389247749078803	0.6666666666666666	0.5525607220361918	IL1B_CXCL2_inflammatory_neutrophil	0.9765257396785603	-1.2408393914015416	1.0	-1.7652573967856022	False
LEPTIN_SIGNALING	Leptin signaling	adipokine_signaling	Figure_8	6	6	0	1.0	3	T_cell	0.9747857684054733	high_cellular_localization_support	0.5275647192697792	1.0	1.7478576840547315	False	1.098054279129448	multi_compartment_contextual	0.31435580555870213	0.6818181818181819	0.5504942078932945	XCR1_CLEC9A_cDC1_like	0.939824050156798	0.6418753924273782	1.0	1.3982405015679795	False
GLUCONEOGENESIS	Gluconeogenesis	carbohydrate_inflammatory_carbon	Figure_8	6	5	1	0.8333333333333334	3	neutrophil	0.825	high_cellular_localization_support	-1.006860311718763	0.75	-2.0360993255346576	False	1.1913535529895392	multi_compartment_contextual	0.25412048543884136	0.6875	0.5218171269432683	IL1B_CXCL2_inflammatory_neutrophil	0.825	-1.0095423663267051	0.75	-2.354345418614787	False
METHIONINE_SAM_METHYLATION	Methionine and SAM metabolism	amino_acid_metabolism	Figure_9	6	3	3	0.5	3	NK_cell	0.7178321348919655	moderate_cellular_localization_support	0.5770364700865038	0.8	0.5783213489196549	False	1.0546481182226048	branch_divergent	0.020970386402003254	0.8	0.4830073254282158	cytotoxic_NK	0.8785713737018688	0.6610880141742909	0.9	1.4857137370186877	False
LXR_FXR_STEROL_SIGNALING	LXR and FXR sterol signaling	steroid_cholesterol_endocrine	Figure_7	6	4	2	0.6666666666666666	3	T_cell	0.8951530601252955	high_cellular_localization_support	0.6305262268068502	1.0	0.951530601252954	False	1.3679559401905077	lymphoid_dominant	0.17793277397521978	0.6666666666666666	0.47477247944575396	IL2RA_TNFRSF18_regulatory_type2_like_T	0.9835229657660927	0.7541427377638807	1.0	1.8352296576609255	False
PLACENTAL_STEROID_METABOLISM	Placental steroid metabolism	steroid_cholesterol_endocrine	Figure_7	6	3	3	0.5	3	cycling_immune	0.9033938276122542	high_cellular_localization_support	1.4730812639725075	1.0	1.0339382761225406	False	1.1258910033755087	branch_divergent	0.0555231108218282	0.6666666666666666	0.4631783438077896	gamma_delta_like_T	1.0	1.4219848797339996	1.0	2.677846726681452	False
CATECHOLAMINE_BIOSYNTHESIS_DEGRADATION	Catecholamine biosynthesis and degradation	catecholamine_stress_adjacent	Figure_9	6	1	5	0.8333333333333334	3	neutrophil	0.9299999999999999	high_cellular_localization_support	-1.638459456676713	0.9	-2.1732483555864235	False	1.2168285988418028	myeloid_dominant	-0.20341582164702235	0.7	0.457916132216421	IL1B_CXCL2_inflammatory_neutrophil	0.92915412615412	-1.427631759684345	0.9	-1.9915412615412	False
STEROIDOGENESIS_CORE	Core steroidogenesis	steroid_cholesterol_endocrine	Figure_7	6	2	4	0.6666666666666666	3	cycling_immune	0.8833333333333333	high_cellular_localization_support	0.7897133879585937	0.8333333333333334	2.963924403071255	False	1.0218113160842761	branch_divergent	-0.20569050148178586	0.6666666666666666	0.4388629294983718	MKI67_TOP2A_cycling_immune	0.8833333333333333	0.7897133879585937	0.8333333333333334	2.963924403071255	False
BRANCHED_CHAIN_AMINO_ACIDS	Branched-chain amino-acid metabolism	amino_acid_metabolism	Figure_9	6	3	3	0.5	3	neutrophil	0.9416666666666667	high_cellular_localization_support	-1.002297302028684	0.9166666666666666	-2.522242287603048	False	1.7694966200190985	myeloid_dominant	-0.07776005405808481	0.625	0.2696752826424149	PF4_MRC1_C1Q_macrophage	1.0	-0.938199716057008	1.0	-3.325728762402223	False
COMPLEMENT_C3_CONVERTASE_AMPLIFICATION	C3 convertase and amplification	complement_architecture	Figure_10	6	5	1	0.8333333333333334	2	dendritic	0.8	moderate_cellular_localization_support	1.1055410520866038	0.7142857142857143	3.2973083776767043	False	1.099861816994988	multi_compartment_contextual	0.28351266254545604	0.6428571428571428	0.539207491117091	CD209A_CLEC10A_cDC2_like	0.8	1.0651334522100786	0.7142857142857143	6.448729868908426	True
GLYCOLYSIS	Glycolysis	carbohydrate_inflammatory_carbon	Figure_8	6	5	1	0.8333333333333334	2	NK_cell	0.5817558411851016	moderate_cellular_localization_support	0.2396556144892697	0.75	1.910657881447588	False	1.036282865539973	multi_compartment_contextual	0.16109965089295294	0.6875	0.5016676219831773	PF4_MRC1_C1Q_macrophage	0.9124999999999999	0.7409656353341221	0.875	2.032525799383079	False
XANTHINE_OXIDASE_OXIDATIVE_PURINE_CATABOLISM	Xanthine oxidase and oxidative purine catabolism	nucleotide_nad_nitrogen	Figure_9	6	5	1	0.8333333333333334	2	dendritic	0.6218572995120117	moderate_cellular_localization_support	0.3073088874159291	0.7692307692307693	1.5681776237613712	False	1.2808857655285968	myeloid_dominant	0.27085978468022975	0.6153846153846154	0.45984774506882214	LY6C2_VCAN_inflammatory_monocyte	0.8214489753359294	0.4769597353139065	0.8461538461538461	1.4987752124572131	False
MINERALOCORTICOID_RESPONSE	Mineralocorticoid response	steroid_cholesterol_endocrine	Figure_7	6	4	2	0.6666666666666666	2	neutrophil	0.7467409927239324	moderate_cellular_localization_support	-0.9647904489217808	0.6666666666666666	-1.800743260572657	False	1.0468547110962798	branch_divergent	0.0918834285782748	0.6666666666666666	0.45069312475273576	C1Q_APOE_resident_macrophage	0.8444444444444446	-1.08995577548904	0.7777777777777778	-3.062893845273621	False
PI3K_AKT_SIGNALING	PI3K-AKT signaling	insulin_irs_signaling	Figure_8	6	6	0	1.0	2	T_cell	0.5841541229069482	moderate_cellular_localization_support	0.2464607101782985	0.8823529411764706	0.946924249229502	False	1.0801829626780726	multi_compartment_contextual	0.1712326090850225	0.7647058823529411	0.43437971892918265	IL2RA_TNFRSF18_regulatory_type2_like_T	0.8319874786285286	0.3590710546852934	0.9411764705882352	2.25268933506853	False
CHOLESTEROL_UPTAKE_TRANSPORT_EXPORT	Cholesterol uptake, transport and export	steroid_cholesterol_endocrine	Figure_7	6	4	2	0.6666666666666666	2	neutrophil	0.5963401258698603	directional_cellular_support	-0.5170626626882517	0.625	-0.5884012586986035	False	1.187853200337827	branch_divergent	0.1132591475323381	0.625	0.4082153073813879	IL2RA_TNFRSF18_regulatory_type2_like_T	0.6615292444370666	0.3702381718515942	0.6875	1.9706488977063188	False
SPHINGOLIPID_CERAMIDE_METABOLISM	Sphingolipid and ceramide metabolism	lipid_metabolism	Figure_7	6	5	1	0.8333333333333334	2	T_cell	0.8018134628735356	high_cellular_localization_support	0.6198671603206729	0.7777777777777778	1.5736901842909106	False	1.2937478314914161	lymphoid_dominant	0.3100664552136756	0.6111111111111112	0.403032540497129	IL2RA_TNFRSF18_regulatory_type2_like_T	0.8444444444444446	0.7028545140290644	0.7777777777777778	3.4454694198839007	False
PPAR_SREBP_LXR_REGULATION	PPAR, SREBP and LXR regulation	lipid_metabolism	Figure_7	6	3	3	0.5	2	neutrophil	0.8600000000000001	high_cellular_localization_support	-0.5999788118985645	0.8	-8.70218386852812	True	2.1368293450979574	myeloid_dominant	0.01828465525666035	0.6333333333333333	0.3634796655790716	IL1B_CXCL2_inflammatory_neutrophil	0.8133333333333332	-0.5492120928873557	0.7333333333333333	-2.887965237169869	False
MTORC1_INSULIN_OUTPUT	mTORC1 insulin output	insulin_irs_signaling	Figure_8	6	3	3	0.5	2	neutrophil	0.7971510266591688	high_cellular_localization_support	-0.68201322185443	0.7692307692307693	-1.586894881976303	False	1.8614369813224672	myeloid_dominant	-0.014682933953892197	0.6923076923076923	0.3568485838731629	IL1B_CXCL2_inflammatory_neutrophil	0.7518437247293233	-0.5432758535241985	0.7692307692307693	-1.1338218626778478	False
PENTOSE_PHOSPHATE_PATHWAY	Pentose-phosphate pathway	carbohydrate_inflammatory_carbon	Figure_8	6	4	2	0.6666666666666666	2	neutrophil	0.6337670970229662	moderate_cellular_localization_support	-0.6712400807064577	0.6666666666666666	-0.6710043035629952	False	1.0723070746262688	branch_divergent	0.0617947304188462	0.6666666666666666	0.28264247414703125	XCR1_CLEC9A_cDC1_like	0.8543522680898459	0.5401735099250087	0.8888888888888888	1.3213004586762378	False
TLR4_LPS_SIGNALING_ANCHOR	TLR4-LPS signaling anchor	immune_context_anchors	Integrated_network	6	5	1	0.8333333333333334	2	T_cell	0.6744630100620629	high_cellular_localization_support	0.3901346357577042	0.8	1.1334183788012908	False	1.2051780753501373	lymphoid_dominant	0.14528455952158434	0.6333333333333333	0.2453264411363554	conventional_activated_T	0.8235005427435265	0.4929729831257657	0.8666666666666667	1.2315819126367065	False
GLYCOGENOLYSIS	Glycogenolysis	carbohydrate_inflammatory_carbon	Figure_8	6	5	1	0.8333333333333334	2	neutrophil	0.6619455987762896	moderate_cellular_localization_support	-0.5062456996436597	0.6666666666666666	-0.9527893210962294	False	1.756790035382516	myeloid_dominant	0.11078156408582285	0.625	0.22832263477027642	IL1B_CXCL2_inflammatory_neutrophil	0.5247192966412801	-0.4497467045697768	0.5833333333333334	-0.6161392919514772	False
UROTHELIAL_BARRIER_REPAIR_ANCHOR	Urothelial barrier and repair anchor	immune_context_anchors	Integrated_network	6	5	1	0.8333333333333334	1	cycling_immune	1.0	high_cellular_localization_support	1.475275503113327	1.0	2.074266787605787	False	1.3338697644282926	cycling_immune_dominant	0.46394441361088457	0.7666666666666666	0.6599008819675853	MKI67_TOP2A_cycling_immune	1.0	1.475275503113327	1.0	2.074266787605787	False
CATECHOLAMINE_IRON_REDOX_INTERFACE	Catecholamine, iron and redox interface	catecholamine_stress_adjacent	Figure_9	6	5	1	0.8333333333333334	1	T_cell	0.7164612080116814	moderate_cellular_localization_support	0.7738738359255031	0.7142857142857143	1.1646120801168145	False	1.1141692307696862	multi_compartment_contextual	0.5722644541566508	0.6428571428571429	0.5776925108326416	cytotoxic_NK	0.9274646316290326	1.094381985290276	1.0	1.2746463162903254	False
UREA_CYCLE	Urea cycle	nucleotide_nad_nitrogen	Figure_9	6	6	0	1.0	1	dendritic	0.6624751180666812	moderate_cellular_localization_support	0.9745986607852712	0.7142857142857143	0.6247511806668121	False	1.1179535528841134	multi_compartment_contextual	0.940464909646821	0.5714285714285714	0.5430843479509334	cytotoxic_NK	1.0	1.0568417657900615	1.0	4.087205656758523	False
PPARG_ADIPOMETABOLIC_REGULATION	PPARG adipometabolic regulation	adipokine_signaling	Figure_8	6	4	2	0.6666666666666666	1	neutrophil	0.8600000000000001	high_cellular_localization_support	-0.8054758999496764	0.8	-2.213090314937715	False	1.386452566719704	myeloid_dominant	0.14653317289054163	0.6	0.42366636942739067	CD209A_CLEC10A_cDC2_like	0.8027924286148764	0.8674743596045775	0.8	1.4279242861487635	False
COMPLEMENT_REGULATORS	Complement regulators	complement_architecture	Figure_10	6	3	3	0.5	1	cycling_immune	0.8600000000000001	high_cellular_localization_support	1.9229879916613728	0.8	11.637537118707984	True	1.614857363475746	cycling_immune_dominant	0.011954424710281901	0.6	0.37879644065005497	C1Q_APOE_resident_macrophage	0.8600000000000001	-1.0306058222993846	0.8	-3.1827046445007623	False
COMPLEMENT_CLASSICAL	Classical complement pathway	complement_architecture	Figure_10	6	2	4	0.6666666666666666	1	dendritic	0.8738099459254645	moderate_cellular_localization_support	0.8500413947027212	1.0	0.7380994592546437	False	1.5249580148761475	myeloid_dominant	-0.0209367260292061	0.6875	0.3747956270529365	PF4_MRC1_C1Q_macrophage	0.9124999999999999	-0.9485175140515444	0.875	-2.763778294100784	False
NAD_METABOLISM	NAD metabolism	nucleotide_nad_nitrogen	Figure_9	6	3	3	0.5	1	neutrophil	0.7828750683067733	high_cellular_localization_support	-0.971920440927688	0.75	-1.5787506830677338	False	1.6115656628349997	myeloid_dominant	0.08591248889585834	0.625	0.3542279918381771	IL1B_CXCL2_inflammatory_neutrophil	0.6412564774209942	-0.5756641553953629	0.6875	-0.6000647742099418	False
AMPK_SIGNALING	AMPK signaling	carbohydrate_inflammatory_carbon	Figure_8	6	4	2	0.6666666666666666	1	T_cell	0.48281252580111667	directional_cellular_support	0.185237422377275	0.8333333333333334	0.8276551232823584	False	1.0614135038306243	branch_divergent	0.13455035096973383	0.5833333333333334	0.34457402178667484	conventional_activated_T	0.6524942298012882	0.4204183097132175	0.75	0.9911775105939246	False
ADIPONECTIN_SIGNALING	Adiponectin signaling	adipokine_signaling	Figure_8	6	4	2	0.6666666666666666	1	cycling_immune	0.8364538397258844	high_cellular_localization_support	0.5341603263443309	0.875	1.2395383972588443	False	1.3111307949262268	cycling_immune_dominant	0.13989100486224776	0.625	0.3333758001211017	IL2RA_TNFRSF18_regulatory_type2_like_T	0.8779482418921697	0.4952187425093333	0.875	1.697513736337698	False
STEROID_SULFATION_DESULFATION	Steroid sulfation and desulfation	steroid_cholesterol_endocrine	Figure_7	6	5	1	0.8333333333333334	1	neutrophil	0.7335314307779178	moderate_cellular_localization_support	-0.6327017060946092	0.7142857142857143	-1.3353143077791785	False	2.2538244502305047	myeloid_dominant	0.13639134649782214	0.6428571428571428	0.2918824751882625	IL2RA_TNFRSF18_regulatory_type2_like_T	0.8999999999999999	0.5712460649755762	0.8571428571428571	3.3914925696762173	False
EICOSANOID_PROSTAGLANDIN_METABOLISM	Eicosanoid and prostaglandin metabolism	lipid_metabolism	Figure_7	6	4	2	0.6666666666666666	1	dendritic	0.5160482503754372	directional_cellular_support	0.4128987036035753	0.6666666666666666	0.2777275046555288	False	1.0676349762183286	branch_divergent	0.19556942319489662	0.6	0.2864911388364965	PF4_MRC1_C1Q_macrophage	0.6722866098869136	-0.643545838238386	0.6	-1.5228660988691358	False
TCA_OXPHOS	TCA cycle and oxidative phosphorylation	carbohydrate_inflammatory_carbon	Figure_8	6	1	5	0.8333333333333334	1	neutrophil	0.8976218314191828	high_cellular_localization_support	-0.7519469604842841	0.9	-1.6762183141918283	False	1.9066258553923934	myeloid_dominant	-0.15287632834408077	0.6499999999999999	0.28493320048486626	IL1B_CXCL2_inflammatory_neutrophil	0.8539897284759822	-0.6744611978110976	0.9	-1.239897284759822	False
FATTY_ACID_BETA_OXIDATION	Fatty-acid beta-oxidation	lipid_metabolism	Figure_7	6	2	4	0.6666666666666666	1	neutrophil	0.858860677697751	high_cellular_localization_support	-0.981852363823916	0.8571428571428571	-1.5886067769775098	False	1.7767175355538745	myeloid_dominant	-0.03613321158997625	0.6071428571428572	0.2502968209029924	IL1B_CXCL2_inflammatory_neutrophil	0.9196903372362559	-0.931224201253111	1.0	-1.1969033723625582	False
MTOR_SIGNALING	mTOR signaling	carbohydrate_inflammatory_carbon	Figure_8	6	3	3	0.5	1	neutrophil	0.8894736842105262	high_cellular_localization_support	-0.5674907131709942	0.8421052631578947	-2.975006458438677	False	3.0187188575095947	myeloid_dominant	-0.04477608484163875	0.6578947368421053	0.22862515245017562	IL1B_CXCL2_inflammatory_neutrophil	0.9047464544787522	-0.6070582811696887	0.8947368421052632	-1.7843066500506797	False
COMPLEMENT_OPSONOPHAGOCYTOSIS	Complement-opsonophagocytosis	complement_architecture	Figure_10	6	3	3	0.5	1	dendritic	0.6072570085791539	moderate_cellular_localization_support	0.3161061181317849	0.875	0.602615022605475	False	2.129612126012427	myeloid_dominant	-0.005985087690561448	0.625	0.21464734253083917	CD83_CLEC10A_activated_dendritic	0.667375486491592	0.463182684517745	0.75	0.7551107042562137	False
PROGESTERONE_BIOSYNTHESIS_RESPONSE	Progesterone biosynthesis and response	steroid_cholesterol_endocrine	Figure_7	6	2	4	0.6666666666666666	1	neutrophil	0.724768499269624	moderate_cellular_localization_support	-0.5801737579791866	0.7272727272727273	-1.1567759017871475	False	1.3476684014295977	myeloid_dominant	-0.02736961324759175	0.6363636363636364	0.1901229384157977	IL1B_CXCL2_inflammatory_neutrophil	0.5783343864602338	-0.4360703182379	0.5454545454545454	-1.54052918227942	False
COMPLEMENT_ALTERNATIVE	Alternative complement pathway	complement_architecture	Figure_10	6	5	1	0.8333333333333334	0	neutrophil	0.5907751144813221	directional_cellular_support	-0.8836047158688676	0.6	-0.7077511448132209	False	1.0233553776429631	multi_compartment_contextual	0.48912466359171636	0.6	0.5621601103274909	cytotoxic_NK	0.739006004944333	0.6354512457436848	0.8	0.7900600494433296	False
PHOSPHOLIPID_METABOLISM	Phospholipid metabolism	lipid_metabolism	Figure_7	6	3	3	0.5	0	neutrophil	0.6260637623814843	directional_cellular_support	-0.4303947803717154	0.625	-1.512084600469404	False	1.9018753180016037	myeloid_dominant	-0.011565397025802553	0.5625	0.21189130833156505	PF4_MRC1_C1Q_macrophage	0.6804983304000871	-0.4366648115556523	0.625	-5.783818656577163	True
